{"cameraMode":{"drawMode":1,"name":"Wireframe","section":"Shading Mode"},"sceneLighting":true,"audioPlay":false,"sceneViewState":{"showFog":true,"showMaterialUpdate":false,"showSkybox":true,"showFlares":true,"showImageEffects":true,"showParticleSystems":true},"in2DMode":false,"pivot":{"x":0.7328792214393616,"y":3.2010788917541506,"z":3.3322181701660158},"rotation":{"x":-0.019093621522188188,"y":-0.9637682437896729,"z":0.256186842918396,"w":-0.07182937860488892},"size":4.54682731628418,"orthographic":false}