{"cameraMode":{"drawMode":2,"name":"Shaded Wireframe","section":"Shading Mode"},"sceneLighting":true,"audioPlay":false,"sceneViewState":{"showFog":false,"showMaterialUpdate":false,"showSkybox":false,"showFlares":false,"showImageEffects":false,"showParticleSystems":false},"in2DMode":false,"pivot":{"x":-2.936405658721924,"y":-0.2027759552001953,"z":-0.8386154174804688},"rotation":{"x":0.22779259085655213,"y":0.00030244726804085076,"z":-0.00007074789755279198,"w":0.9737109541893005},"size":12.28963851928711,"orthographic":false}